{"config":{"name":"config","count":16,"time":"2014-11-17T01:38:33.433Z"},"login":{"name":"login","count":2,"time":"2014-06-24T07:11:32.998Z"},"install":{"name":"install","count":16,"time":"2014-10-17T07:54:27.998Z"},"build":{"name":"build","count":131,"time":"2014-11-13T04:50:48.432Z"},"publish":{"name":"publish","count":4,"time":"2014-09-30T10:28:05.698Z"},"init":{"name":"init","count":2,"time":"2014-11-17T01:41:17.948Z"},"doc":{"name":"doc","count":13,"time":"2014-11-13T10:58:44.215Z"},"info":{"name":"info","count":1,"time":"2014-11-05T08:33:41.197Z"},"plugin":{"name":"plugin","count":2,"time":"2014-11-17T01:39:55.604Z"}}